,Unnamed: 0,ZCR,EnergyEntropy,SpectralCentroid,SpectralSpread,SpectralEntropy,SpectralFlux,avqi_result
Unnamed: 0,1.0,0.0116875619303,0.00585164848992,0.00387729359801,0.0156085192526,-0.00188647148005,0.0507162763902,0.029565643683
ZCR,0.0116875619303,1.0,0.742040406204,0.885678167522,0.797183045991,0.906141682514,0.717498492324,0.508830058816
EnergyEntropy,0.00585164848992,0.742040406204,1.0,0.89364769607,0.958518817166,0.664535695763,0.705009236933,0.367179374807
SpectralCentroid,0.00387729359801,0.885678167522,0.89364769607,1.0,0.963872628868,0.851246230896,0.765291263839,0.525989691714
SpectralSpread,0.0156085192526,0.797183045991,0.958518817166,0.963872628868,1.0,0.735457882518,0.778323461542,0.478452034215
SpectralEntropy,-0.00188647148005,0.906141682514,0.664535695763,0.851246230896,0.735457882518,1.0,0.663066923367,0.514958864854
SpectralFlux,0.0507162763902,0.717498492324,0.705009236933,0.765291263839,0.778323461542,0.663066923367,1.0,0.51422121164
avqi_result,0.029565643683,0.508830058816,0.367179374807,0.525989691714,0.478452034215,0.514958864854,0.51422121164,1.0
